-- 1. 工资表(Salary)数据
INSERT INTO Salary (Sno, Slevel, Snumber) VALUES
(1, '高级', 5000.00),
(2, '高级', 4500.00),
(3, '中级', 4000.00),
(4, '中级', 3500.00),
(5, '初级', 3000.00),
(6, '初级', 2500.00);

-- 2. 职称表(Title)数据
INSERT INTO Title (Tno, Sno, Ttype, Ttrade) VALUES
(101, 1, '主任医师', '医疗'),
(102, 2, '副主任医师', '医疗'),
(103, 3, '主治医师', '医疗'),
(104, 4, '医师', '医疗'),
(105, 5, '主任药师', '药剂'),
(106, 6, '药师', '药剂');

-- 3. 组织机构表(Dept)数据
INSERT INTO Dept (DeptNo, DeptName, ParentDeptNo, Manager) VALUES
(1, 'XX医院', NULL, NULL),
(10, '门诊部', 1, NULL),
(20, '住院部', 1, NULL),
(101, '内科', 10, NULL),
(102, '外科', 10, NULL),
(103, '儿科', 10, NULL),
(104, '妇科', 10, NULL),
(105, '眼科', 10, NULL),
(201, '内科病房', 20, NULL),
(202, '外科病房', 20, NULL);

-- 4. 医生表(Doctor)数据
INSERT INTO Doctor (Dno, Dname, Dsex, Dage, Ddeptno, Tno) VALUES
(1001, '张医生', '男', 45, 101, 101),
(1002, '李医生', '女', 42, 101, 102),
(1003, '王医生', '男', 38, 102, 102),
(1004, '刘医生', '女', 35, 102, 103),
(1005, '陈医生', '男', 46, 103, 101),
(1006, '杨医生', '女', 33, 103, 103),
(1007, '赵医生', '男', 37, 104, 102),
(1008, '孙医生', '女', 41, 104, 101),
(1009, '周医生', '男', 39, 105, 102),
(1010, '吴医生', '女', 36, 105, 103);

-- 更新部门管理者
UPDATE Dept SET Manager = 1001 WHERE DeptNo = 101;
UPDATE Dept SET Manager = 1003 WHERE DeptNo = 102;
UPDATE Dept SET Manager = 1005 WHERE DeptNo = 103;
UPDATE Dept SET Manager = 1007 WHERE DeptNo = 104;
UPDATE Dept SET Manager = 1009 WHERE DeptNo = 105;

-- 5. 患者表(Patient)数据
INSERT INTO Patient (Pno, Pname, Pid, Pino, Pmno, Psex, Pbd, Padd) VALUES
(1, '张三', '110101199001011234', 'SI001', 'MC001', '男', '1990-01-01', '北京市海淀区'),
(2, '李四', '110101199103023456', 'SI002', 'MC002', '女', '1991-03-02', '北京市朝阳区'),
(3, '王五', '110101199205034567', 'SI003', 'MC003', '男', '1992-05-03', '北京市西城区'),
(4, '赵六', '110101199307045678', 'SI004', 'MC004', '女', '1993-07-04', '北京市东城区'),
(5, '孙七', '110101199409056789', 'SI005', 'MC005', '男', '1994-09-05', '北京市丰台区');

-- 6. 患者联系电话表(Patient_tel)数据
INSERT INTO Patient_tel (Ptno, Pno, Pteltype, Ptelcode) VALUES
(1, 1, '手机', '13800138001'),
(2, 1, '家庭', '010-66666666'),
(3, 2, '手机', '13800138002'),
(4, 2, '工作', '010-77777777'),
(5, 3, '手机', '13800138003'),
(6, 4, '手机', '13800138004'),
(7, 5, '手机', '13800138005');

-- 7. 药品表(Medicine)数据
INSERT INTO Medicine (Mno, Mname, Mprice, Munit, Mtype) VALUES
(1, '阿莫西林胶囊', 15.80, '盒', '西药'),
(2, '布洛芬片', 12.50, '盒', '西药'),
(3, '感冒灵颗粒', 22.00, '盒', '中成药'),
(4, '板蓝根颗粒', 16.50, '盒', '中成药'),
(5, '维生素C片', 8.50, '瓶', '西药'),
(6, '红霉素眼膏', 10.00, '支', '西药'),
(7, '云南白药', 25.00, '瓶', '中成药'),
(8, '创可贴', 5.00, '盒', '医用耗材');

-- 8. 入库主单表(Godown_Entry)数据
INSERT INTO Godown_Entry (GMno, GMdate, GMname) VALUES
(1, '2023-01-01 10:00:00', '常用药品入库'),
(2, '2023-01-02 14:00:00', '急诊药品入库'),
(3, '2023-01-03 09:00:00', '中药材入库'),
(4, '2023-01-04 11:00:00', '医疗器械入库');

-- 9. 入库从单表(Godown_Slave)数据
INSERT INTO Godown_Slave (GSno, GMno, Mno, GSnumber, GSunit, GSbatch, GSprice, GSexpdate) VALUES
(1, 1, 1, 100, '盒', 'BT20230101', 15.00, '2024-01-01'),
(2, 1, 2, 200, '盒', 'BT20230102', 12.00, '2024-02-01'),
(3, 2, 3, 150, '盒', 'BT20230103', 20.00, '2024-03-01'),
(4, 2, 4, 180, '盒', 'BT20230104', 15.00, '2024-04-01'),
(5, 3, 5, 300, '瓶', 'BT20230105', 8.00, '2024-05-01'),
(6, 3, 6, 120, '支', 'BT20230106', 9.50, '2024-06-01'),
(7, 4, 7, 100, '瓶', 'BT20230107', 24.00, '2024-07-01'),
(8, 4, 8, 500, '盒', 'BT20230108', 4.50, '2024-08-01');

-- 10. 挂号单表(Register_Form)数据
INSERT INTO Register_Form (RFno, RFdept, RFdoctor, RFpatient, RFcashier, RFtime, RFvisittime, RFfee, RFnotes) VALUES
(1, 101, 1001, 1, 1, '2023-01-01 08:00:00', '2023-01-01 09:00:00', 20.00, '普通门诊'),
(2, 101, 1002, 2, 1, '2023-01-01 08:30:00', '2023-01-01 09:30:00', 20.00, '普通门诊'),
(3, 102, 1003, 3, 2, '2023-01-01 09:00:00', '2023-01-01 10:00:00', 20.00, '普通门诊'),
(4, 103, 1005, 4, 2, '2023-01-01 09:30:00', '2023-01-01 10:30:00', 20.00, '普通门诊'),
(5, 104, 1007, 5, 1, '2023-01-01 10:00:00', '2023-01-01 11:00:00', 20.00, '普通门诊');

-- 11. 就诊表(Diagnosis)数据
INSERT INTO Diagnosis (DGno, Pno, Dno, Symptom, Diagnosis, DGtime, Rfee) VALUES
(1, 1, 1001, '发热、咳嗽', '上呼吸道感染', '2023-01-01 09:00:00', 50.00),
(2, 2, 1002, '头痛、发热', '感冒', '2023-01-01 09:30:00', 50.00),
(3, 3, 1003, '腹痛', '胃炎', '2023-01-01 10:00:00', 50.00),
(4, 4, 1005, '咳嗽、流涕', '小儿感冒', '2023-01-01 10:30:00', 50.00),
(5, 5, 1007, '发热', '普通感冒', '2023-01-01 11:00:00', 50.00);

-- 12. 处方表(Recipe_Master)数据
INSERT INTO Recipe_Master (RMno, DeptNo, Dno, Pno, RMage, RMtime) VALUES
(1, 101, 1001, 1, 33, '2023-01-01 09:15:00'),
(2, 101, 1002, 2, 32, '2023-01-01 09:45:00'),
(3, 102, 1003, 3, 31, '2023-01-01 10:15:00'),
(4, 103, 1005, 4, 30, '2023-01-01 10:45:00'),
(5, 104, 1007, 5, 29, '2023-01-01 11:15:00');

-- 13. 处方药品清单表(Recipe_Detail)数据
INSERT INTO Recipe_Detail (RDno, RMno, Mno, RDprice, RDnumber, RDunit) VALUES
(1, 1, 1, 15.80, '2', '盒'),
(2, 1, 3, 22.00, '1', '盒'),
(3, 2, 2, 12.50, '1', '盒'),
(4, 2, 5, 8.50, '1', '瓶'),
(5, 3, 4, 16.50, '2', '盒'),
(6, 4, 3, 22.00, '1', '盒'),
(7, 5, 2, 12.50, '1', '盒');

-- 14. 收费表(Fee)数据
INSERT INTO Fee (Fno, Fnumber, Fdate, DGno, Rno, Cno, Pno, FRecipefee, Fdiscount, Fsum) VALUES
(1, 'F20230101001', '2023-01-01 09:20:00', 1, 1, 1, 1, 103.60, 0, 103.60),
(2, 'F20230101002', '2023-01-01 09:50:00', 2, 2, 1, 2, 71.00, 0, 71.00),
(3, 'F20230101003', '2023-01-01 10:20:00', 3, 3, 2, 3, 83.00, 0, 83.00),
(4, 'F20230101004', '2023-01-01 10:50:00', 4, 4, 2, 4, 72.00, 0, 72.00),
(5, 'F20230101005', '2023-01-01 11:20:00', 5, 5, 1, 5, 62.50, 0, 62.50);

-- 15. 用户表(Users)数据
INSERT INTO Users (uid, username, password, role, status, create_time, last_login) VALUES
(1, 'admin', 'admin123', '管理员', 1, '2023-01-01 00:00:00', '2023-01-01 08:00:00'),
(2, 'doctor1', 'doc123', '医生', 1, '2023-01-01 00:00:00', '2023-01-01 08:30:00'),
(3, 'doctor2', 'doc123', '医生', 1, '2023-01-01 00:00:00', '2023-01-01 08:30:00'),
(4, 'nurse1', 'nurse123', '护士', 1, '2023-01-01 00:00:00', '2023-01-01 08:30:00'),
(5, 'cashier1', 'cash123', '收银员', 1, '2023-01-01 00:00:00', '2023-01-01 08:30:00'),
(6, 'pharmacy1', 'pharm123', '药剂师', 1, '2023-01-01 00:00:00', '2023-01-01 08:30:00'); 